TeamId;GP;G;GA;S;SA;FO%;SB;H;TkA;GvA;InD;PIM/G;PP Ch;PPG;SH GA;SH Ch;PP GA;SHG;Att Total Home;Att Total Away;Att Avg Home;Att Avg Away;Sellouts Home;Sellouts Away;Capacity Use %
0;0;0;0;0;0;0.0;0;0;0;0;0;0.0;0;0;0;0;0;0;0;0;0;0;0;0;0
3;0;0;0;0;0;0.0;0;0;0;0;0;0.0;0;0;0;0;0;0;0;0;0;0;0;0;0
5;0;0;0;0;0;0.0;0;0;0;0;0;0.0;0;0;0;0;0;0;0;0;0;0;0;0;0
8;0;0;0;0;0;0.0;0;0;0;0;0;0.0;0;0;0;0;0;0;0;0;0;0;0;0;0
9;0;0;0;0;0;0.0;0;0;0;0;0;0.0;0;0;0;0;0;0;0;0;0;0;0;0;0
10;0;0;0;0;0;0.0;0;0;0;0;0;0.0;0;0;0;0;0;0;0;0;0;0;0;0;0
11;0;0;0;0;0;0.0;0;0;0;0;0;0.0;0;0;0;0;0;0;0;0;0;0;0;0;0
12;0;0;0;0;0;0.0;0;0;0;0;0;0.0;0;0;0;0;0;0;0;0;0;0;0;0;0
14;0;0;0;0;0;0.0;0;0;0;0;0;0.0;0;0;0;0;0;0;0;0;0;0;0;0;0
15;0;0;0;0;0;0.0;0;0;0;0;0;0.0;0;0;0;0;0;0;0;0;0;0;0;0;0
16;0;0;0;0;0;0.0;0;0;0;0;0;0.0;0;0;0;0;0;0;0;0;0;0;0;0;0
17;0;0;0;0;0;0.0;0;0;0;0;0;0.0;0;0;0;0;0;0;0;0;0;0;0;0;0
18;0;0;0;0;0;0.0;0;0;0;0;0;0.0;0;0;0;0;0;0;0;0;0;0;0;0;0
19;0;0;0;0;0;0.0;0;0;0;0;0;0.0;0;0;0;0;0;0;0;0;0;0;0;0;0
20;0;0;0;0;0;0.0;0;0;0;0;0;0.0;0;0;0;0;0;0;0;0;0;0;0;0;0
21;0;0;0;0;0;0.0;0;0;0;0;0;0.0;0;0;0;0;0;0;0;0;0;0;0;0;0
22;0;0;0;0;0;0.0;0;0;0;0;0;0.0;0;0;0;0;0;0;0;0;0;0;0;0;0
23;0;0;0;0;0;0.0;0;0;0;0;0;0.0;0;0;0;0;0;0;0;0;0;0;0;0;0
24;0;0;0;0;0;0.0;0;0;0;0;0;0.0;0;0;0;0;0;0;0;0;0;0;0;0;0
25;0;0;0;0;0;0.0;0;0;0;0;0;0.0;0;0;0;0;0;0;0;0;0;0;0;0;0
26;0;0;0;0;0;0.0;0;0;0;0;0;0.0;0;0;0;0;0;0;0;0;0;0;0;0;0
27;0;0;0;0;0;0.0;0;0;0;0;0;0.0;0;0;0;0;0;0;0;0;0;0;0;0;0
28;0;0;0;0;0;0.0;0;0;0;0;0;0.0;0;0;0;0;0;0;0;0;0;0;0;0;0
29;0;0;0;0;0;0.0;0;0;0;0;0;0.0;0;0;0;0;0;0;0;0;0;0;0;0;0
30;0;0;0;0;0;0.0;0;0;0;0;0;0.0;0;0;0;0;0;0;0;0;0;0;0;0;0
31;0;0;0;0;0;0.0;0;0;0;0;0;0.0;0;0;0;0;0;0;0;0;0;0;0;0;0
32;0;0;0;0;0;0.0;0;0;0;0;0;0.0;0;0;0;0;0;0;0;0;0;0;0;0;0
33;0;0;0;0;0;0.0;0;0;0;0;0;0.0;0;0;0;0;0;0;0;0;0;0;0;0;0
34;0;0;0;0;0;0.0;0;0;0;0;0;0.0;0;0;0;0;0;0;0;0;0;0;0;0;0
35;0;0;0;0;0;0.0;0;0;0;0;0;0.0;0;0;0;0;0;0;0;0;0;0;0;0;0
36;0;0;0;0;0;0.0;0;0;0;0;0;0.0;0;0;0;0;0;0;0;0;0;0;0;0;0
37;0;0;0;0;0;0.0;0;0;0;0;0;0.0;0;0;0;0;0;0;0;0;0;0;0;0;0
38;0;0;0;0;0;0.0;0;0;0;0;0;0.0;0;0;0;0;0;0;0;0;0;0;0;0;0
39;0;0;0;0;0;0.0;0;0;0;0;0;0.0;0;0;0;0;0;0;0;0;0;0;0;0;0
40;0;0;0;0;0;0.0;0;0;0;0;0;0.0;0;0;0;0;0;0;0;0;0;0;0;0;0
41;0;0;0;0;0;0.0;0;0;0;0;0;0.0;0;0;0;0;0;0;0;0;0;0;0;0;0
42;0;0;0;0;0;0.0;0;0;0;0;0;0.0;0;0;0;0;0;0;0;0;0;0;0;0;0
43;0;0;0;0;0;0.0;0;0;0;0;0;0.0;0;0;0;0;0;0;0;0;0;0;0;0;0
44;0;0;0;0;0;0.0;0;0;0;0;0;0.0;0;0;0;0;0;0;0;0;0;0;0;0;0
45;0;0;0;0;0;0.0;0;0;0;0;0;0.0;0;0;0;0;0;0;0;0;0;0;0;0;0
46;0;0;0;0;0;0.0;0;0;0;0;0;0.0;0;0;0;0;0;0;0;0;0;0;0;0;0
47;0;0;0;0;0;0.0;0;0;0;0;0;0.0;0;0;0;0;0;0;0;0;0;0;0;0;0
48;0;0;0;0;0;0.0;0;0;0;0;0;0.0;0;0;0;0;0;0;0;0;0;0;0;0;0
49;0;0;0;0;0;0.0;0;0;0;0;0;0.0;0;0;0;0;0;0;0;0;0;0;0;0;0
50;0;0;0;0;0;0.0;0;0;0;0;0;0.0;0;0;0;0;0;0;0;0;0;0;0;0;0
51;0;0;0;0;0;0.0;0;0;0;0;0;0.0;0;0;0;0;0;0;0;0;0;0;0;0;0
52;0;0;0;0;0;0.0;0;0;0;0;0;0.0;0;0;0;0;0;0;0;0;0;0;0;0;0
53;0;0;0;0;0;0.0;0;0;0;0;0;0.0;0;0;0;0;0;0;0;0;0;0;0;0;0
54;0;0;0;0;0;0.0;0;0;0;0;0;0.0;0;0;0;0;0;0;0;0;0;0;0;0;0
55;0;0;0;0;0;0.0;0;0;0;0;0;0.0;0;0;0;0;0;0;0;0;0;0;0;0;0
56;0;0;0;0;0;0.0;0;0;0;0;0;0.0;0;0;0;0;0;0;0;0;0;0;0;0;0
57;0;0;0;0;0;0.0;0;0;0;0;0;0.0;0;0;0;0;0;0;0;0;0;0;0;0;0
58;0;0;0;0;0;0.0;0;0;0;0;0;0.0;0;0;0;0;0;0;0;0;0;0;0;0;0
59;0;0;0;0;0;0.0;0;0;0;0;0;0.0;0;0;0;0;0;0;0;0;0;0;0;0;0
60;0;0;0;0;0;0.0;0;0;0;0;0;0.0;0;0;0;0;0;0;0;0;0;0;0;0;0
61;0;0;0;0;0;0.0;0;0;0;0;0;0.0;0;0;0;0;0;0;0;0;0;0;0;0;0
62;0;0;0;0;0;0.0;0;0;0;0;0;0.0;0;0;0;0;0;0;0;0;0;0;0;0;0
63;0;0;0;0;0;0.0;0;0;0;0;0;0.0;0;0;0;0;0;0;0;0;0;0;0;0;0
64;0;0;0;0;0;0.0;0;0;0;0;0;0.0;0;0;0;0;0;0;0;0;0;0;0;0;0
65;0;0;0;0;0;0.0;0;0;0;0;0;0.0;0;0;0;0;0;0;0;0;0;0;0;0;0
67;0;0;0;0;0;0.0;0;0;0;0;0;0.0;0;0;0;0;0;0;0;0;0;0;0;0;0
69;0;0;0;0;0;0.0;0;0;0;0;0;0.0;0;0;0;0;0;0;0;0;0;0;0;0;0
71;0;0;0;0;0;0.0;0;0;0;0;0;0.0;0;0;0;0;0;0;0;0;0;0;0;0;0
72;0;0;0;0;0;0.0;0;0;0;0;0;0.0;0;0;0;0;0;0;0;0;0;0;0;0;0
73;0;0;0;0;0;0.0;0;0;0;0;0;0.0;0;0;0;0;0;0;0;0;0;0;0;0;0
74;0;0;0;0;0;0.0;0;0;0;0;0;0.0;0;0;0;0;0;0;0;0;0;0;0;0;0
75;0;0;0;0;0;0.0;0;0;0;0;0;0.0;0;0;0;0;0;0;0;0;0;0;0;0;0
76;0;0;0;0;0;0.0;0;0;0;0;0;0.0;0;0;0;0;0;0;0;0;0;0;0;0;0
77;0;0;0;0;0;0.0;0;0;0;0;0;0.0;0;0;0;0;0;0;0;0;0;0;0;0;0
78;0;0;0;0;0;0.0;0;0;0;0;0;0.0;0;0;0;0;0;0;0;0;0;0;0;0;0
80;0;0;0;0;0;0.0;0;0;0;0;0;0.0;0;0;0;0;0;0;0;0;0;0;0;0;0
81;0;0;0;0;0;0.0;0;0;0;0;0;0.0;0;0;0;0;0;0;0;0;0;0;0;0;0
82;0;0;0;0;0;0.0;0;0;0;0;0;0.0;0;0;0;0;0;0;0;0;0;0;0;0;0
85;0;0;0;0;0;0.0;0;0;0;0;0;0.0;0;0;0;0;0;0;0;0;0;0;0;0;0
86;0;0;0;0;0;0.0;0;0;0;0;0;0.0;0;0;0;0;0;0;0;0;0;0;0;0;0
87;0;0;0;0;0;0.0;0;0;0;0;0;0.0;0;0;0;0;0;0;0;0;0;0;0;0;0
88;0;0;0;0;0;0.0;0;0;0;0;0;0.0;0;0;0;0;0;0;0;0;0;0;0;0;0
89;0;0;0;0;0;0.0;0;0;0;0;0;0.0;0;0;0;0;0;0;0;0;0;0;0;0;0
90;0;0;0;0;0;0.0;0;0;0;0;0;0.0;0;0;0;0;0;0;0;0;0;0;0;0;0
91;0;0;0;0;0;0.0;0;0;0;0;0;0.0;0;0;0;0;0;0;0;0;0;0;0;0;0
92;0;0;0;0;0;0.0;0;0;0;0;0;0.0;0;0;0;0;0;0;0;0;0;0;0;0;0
93;0;0;0;0;0;0.0;0;0;0;0;0;0.0;0;0;0;0;0;0;0;0;0;0;0;0;0
94;0;0;0;0;0;0.0;0;0;0;0;0;0.0;0;0;0;0;0;0;0;0;0;0;0;0;0
95;0;0;0;0;0;0.0;0;0;0;0;0;0.0;0;0;0;0;0;0;0;0;0;0;0;0;0
96;0;0;0;0;0;0.0;0;0;0;0;0;0.0;0;0;0;0;0;0;0;0;0;0;0;0;0
97;0;0;0;0;0;0.0;0;0;0;0;0;0.0;0;0;0;0;0;0;0;0;0;0;0;0;0
98;0;0;0;0;0;0.0;0;0;0;0;0;0.0;0;0;0;0;0;0;0;0;0;0;0;0;0
99;0;0;0;0;0;0.0;0;0;0;0;0;0.0;0;0;0;0;0;0;0;0;0;0;0;0;0
100;0;0;0;0;0;0.0;0;0;0;0;0;0.0;0;0;0;0;0;0;0;0;0;0;0;0;0
101;0;0;0;0;0;0.0;0;0;0;0;0;0.0;0;0;0;0;0;0;0;0;0;0;0;0;0
102;0;0;0;0;0;0.0;0;0;0;0;0;0.0;0;0;0;0;0;0;0;0;0;0;0;0;0
103;0;0;0;0;0;0.0;0;0;0;0;0;0.0;0;0;0;0;0;0;0;0;0;0;0;0;0
104;0;0;0;0;0;0.0;0;0;0;0;0;0.0;0;0;0;0;0;0;0;0;0;0;0;0;0
105;0;0;0;0;0;0.0;0;0;0;0;0;0.0;0;0;0;0;0;0;0;0;0;0;0;0;0
106;0;0;0;0;0;0.0;0;0;0;0;0;0.0;0;0;0;0;0;0;0;0;0;0;0;0;0
107;0;0;0;0;0;0.0;0;0;0;0;0;0.0;0;0;0;0;0;0;0;0;0;0;0;0;0
108;0;0;0;0;0;0.0;0;0;0;0;0;0.0;0;0;0;0;0;0;0;0;0;0;0;0;0
109;0;0;0;0;0;0.0;0;0;0;0;0;0.0;0;0;0;0;0;0;0;0;0;0;0;0;0
110;0;0;0;0;0;0.0;0;0;0;0;0;0.0;0;0;0;0;0;0;0;0;0;0;0;0;0
111;0;0;0;0;0;0.0;0;0;0;0;0;0.0;0;0;0;0;0;0;0;0;0;0;0;0;0
112;0;0;0;0;0;0.0;0;0;0;0;0;0.0;0;0;0;0;0;0;0;0;0;0;0;0;0
113;0;0;0;0;0;0.0;0;0;0;0;0;0.0;0;0;0;0;0;0;0;0;0;0;0;0;0
114;0;0;0;0;0;0.0;0;0;0;0;0;0.0;0;0;0;0;0;0;0;0;0;0;0;0;0
115;0;0;0;0;0;0.0;0;0;0;0;0;0.0;0;0;0;0;0;0;0;0;0;0;0;0;0
116;0;0;0;0;0;0.0;0;0;0;0;0;0.0;0;0;0;0;0;0;0;0;0;0;0;0;0
117;0;0;0;0;0;0.0;0;0;0;0;0;0.0;0;0;0;0;0;0;0;0;0;0;0;0;0
118;0;0;0;0;0;0.0;0;0;0;0;0;0.0;0;0;0;0;0;0;0;0;0;0;0;0;0
119;0;0;0;0;0;0.0;0;0;0;0;0;0.0;0;0;0;0;0;0;0;0;0;0;0;0;0
120;0;0;0;0;0;0.0;0;0;0;0;0;0.0;0;0;0;0;0;0;0;0;0;0;0;0;0
121;0;0;0;0;0;0.0;0;0;0;0;0;0.0;0;0;0;0;0;0;0;0;0;0;0;0;0
122;0;0;0;0;0;0.0;0;0;0;0;0;0.0;0;0;0;0;0;0;0;0;0;0;0;0;0
123;0;0;0;0;0;0.0;0;0;0;0;0;0.0;0;0;0;0;0;0;0;0;0;0;0;0;0
124;0;0;0;0;0;0.0;0;0;0;0;0;0.0;0;0;0;0;0;0;0;0;0;0;0;0;0
125;0;0;0;0;0;0.0;0;0;0;0;0;0.0;0;0;0;0;0;0;0;0;0;0;0;0;0
126;0;0;0;0;0;0.0;0;0;0;0;0;0.0;0;0;0;0;0;0;0;0;0;0;0;0;0
127;0;0;0;0;0;0.0;0;0;0;0;0;0.0;0;0;0;0;0;0;0;0;0;0;0;0;0
128;0;0;0;0;0;0.0;0;0;0;0;0;0.0;0;0;0;0;0;0;0;0;0;0;0;0;0
129;0;0;0;0;0;0.0;0;0;0;0;0;0.0;0;0;0;0;0;0;0;0;0;0;0;0;0
130;0;0;0;0;0;0.0;0;0;0;0;0;0.0;0;0;0;0;0;0;0;0;0;0;0;0;0
131;0;0;0;0;0;0.0;0;0;0;0;0;0.0;0;0;0;0;0;0;0;0;0;0;0;0;0
132;0;0;0;0;0;0.0;0;0;0;0;0;0.0;0;0;0;0;0;0;0;0;0;0;0;0;0
133;0;0;0;0;0;0.0;0;0;0;0;0;0.0;0;0;0;0;0;0;0;0;0;0;0;0;0
134;0;0;0;0;0;0.0;0;0;0;0;0;0.0;0;0;0;0;0;0;0;0;0;0;0;0;0
135;0;0;0;0;0;0.0;0;0;0;0;0;0.0;0;0;0;0;0;0;0;0;0;0;0;0;0
136;0;0;0;0;0;0.0;0;0;0;0;0;0.0;0;0;0;0;0;0;0;0;0;0;0;0;0
137;0;0;0;0;0;0.0;0;0;0;0;0;0.0;0;0;0;0;0;0;0;0;0;0;0;0;0
138;0;0;0;0;0;0.0;0;0;0;0;0;0.0;0;0;0;0;0;0;0;0;0;0;0;0;0
139;0;0;0;0;0;0.0;0;0;0;0;0;0.0;0;0;0;0;0;0;0;0;0;0;0;0;0
140;0;0;0;0;0;0.0;0;0;0;0;0;0.0;0;0;0;0;0;0;0;0;0;0;0;0;0
141;0;0;0;0;0;0.0;0;0;0;0;0;0.0;0;0;0;0;0;0;0;0;0;0;0;0;0
142;0;0;0;0;0;0.0;0;0;0;0;0;0.0;0;0;0;0;0;0;0;0;0;0;0;0;0
143;0;0;0;0;0;0.0;0;0;0;0;0;0.0;0;0;0;0;0;0;0;0;0;0;0;0;0
144;0;0;0;0;0;0.0;0;0;0;0;0;0.0;0;0;0;0;0;0;0;0;0;0;0;0;0
149;0;0;0;0;0;0.0;0;0;0;0;0;0.0;0;0;0;0;0;0;0;0;0;0;0;0;0
151;0;0;0;0;0;0.0;0;0;0;0;0;0.0;0;0;0;0;0;0;0;0;0;0;0;0;0
152;0;0;0;0;0;0.0;0;0;0;0;0;0.0;0;0;0;0;0;0;0;0;0;0;0;0;0
157;0;0;0;0;0;0.0;0;0;0;0;0;0.0;0;0;0;0;0;0;0;0;0;0;0;0;0
158;0;0;0;0;0;0.0;0;0;0;0;0;0.0;0;0;0;0;0;0;0;0;0;0;0;0;0
165;0;0;0;0;0;0.0;0;0;0;0;0;0.0;0;0;0;0;0;0;0;0;0;0;0;0;0
167;0;0;0;0;0;0.0;0;0;0;0;0;0.0;0;0;0;0;0;0;0;0;0;0;0;0;0
169;0;0;0;0;0;0.0;0;0;0;0;0;0.0;0;0;0;0;0;0;0;0;0;0;0;0;0
170;0;0;0;0;0;0.0;0;0;0;0;0;0.0;0;0;0;0;0;0;0;0;0;0;0;0;0
171;0;0;0;0;0;0.0;0;0;0;0;0;0.0;0;0;0;0;0;0;0;0;0;0;0;0;0
172;0;0;0;0;0;0.0;0;0;0;0;0;0.0;0;0;0;0;0;0;0;0;0;0;0;0;0
174;0;0;0;0;0;0.0;0;0;0;0;0;0.0;0;0;0;0;0;0;0;0;0;0;0;0;0
175;0;0;0;0;0;0.0;0;0;0;0;0;0.0;0;0;0;0;0;0;0;0;0;0;0;0;0
176;0;0;0;0;0;0.0;0;0;0;0;0;0.0;0;0;0;0;0;0;0;0;0;0;0;0;0
177;0;0;0;0;0;0.0;0;0;0;0;0;0.0;0;0;0;0;0;0;0;0;0;0;0;0;0
178;0;0;0;0;0;0.0;0;0;0;0;0;0.0;0;0;0;0;0;0;0;0;0;0;0;0;0
179;0;0;0;0;0;0.0;0;0;0;0;0;0.0;0;0;0;0;0;0;0;0;0;0;0;0;0
180;0;0;0;0;0;0.0;0;0;0;0;0;0.0;0;0;0;0;0;0;0;0;0;0;0;0;0
181;0;0;0;0;0;0.0;0;0;0;0;0;0.0;0;0;0;0;0;0;0;0;0;0;0;0;0
182;0;0;0;0;0;0.0;0;0;0;0;0;0.0;0;0;0;0;0;0;0;0;0;0;0;0;0
183;0;0;0;0;0;0.0;0;0;0;0;0;0.0;0;0;0;0;0;0;0;0;0;0;0;0;0
184;0;0;0;0;0;0.0;0;0;0;0;0;0.0;0;0;0;0;0;0;0;0;0;0;0;0;0
185;0;0;0;0;0;0.0;0;0;0;0;0;0.0;0;0;0;0;0;0;0;0;0;0;0;0;0
186;0;0;0;0;0;0.0;0;0;0;0;0;0.0;0;0;0;0;0;0;0;0;0;0;0;0;0
187;0;0;0;0;0;0.0;0;0;0;0;0;0.0;0;0;0;0;0;0;0;0;0;0;0;0;0
188;0;0;0;0;0;0.0;0;0;0;0;0;0.0;0;0;0;0;0;0;0;0;0;0;0;0;0
189;0;0;0;0;0;0.0;0;0;0;0;0;0.0;0;0;0;0;0;0;0;0;0;0;0;0;0
190;0;0;0;0;0;0.0;0;0;0;0;0;0.0;0;0;0;0;0;0;0;0;0;0;0;0;0
191;0;0;0;0;0;0.0;0;0;0;0;0;0.0;0;0;0;0;0;0;0;0;0;0;0;0;0
192;0;0;0;0;0;0.0;0;0;0;0;0;0.0;0;0;0;0;0;0;0;0;0;0;0;0;0
193;0;0;0;0;0;0.0;0;0;0;0;0;0.0;0;0;0;0;0;0;0;0;0;0;0;0;0
194;0;0;0;0;0;0.0;0;0;0;0;0;0.0;0;0;0;0;0;0;0;0;0;0;0;0;0
195;0;0;0;0;0;0.0;0;0;0;0;0;0.0;0;0;0;0;0;0;0;0;0;0;0;0;0
196;0;0;0;0;0;0.0;0;0;0;0;0;0.0;0;0;0;0;0;0;0;0;0;0;0;0;0
197;0;0;0;0;0;0.0;0;0;0;0;0;0.0;0;0;0;0;0;0;0;0;0;0;0;0;0
198;0;0;0;0;0;0.0;0;0;0;0;0;0.0;0;0;0;0;0;0;0;0;0;0;0;0;0
199;0;0;0;0;0;0.0;0;0;0;0;0;0.0;0;0;0;0;0;0;0;0;0;0;0;0;0
200;0;0;0;0;0;0.0;0;0;0;0;0;0.0;0;0;0;0;0;0;0;0;0;0;0;0;0
201;0;0;0;0;0;0.0;0;0;0;0;0;0.0;0;0;0;0;0;0;0;0;0;0;0;0;0
202;0;0;0;0;0;0.0;0;0;0;0;0;0.0;0;0;0;0;0;0;0;0;0;0;0;0;0
203;0;0;0;0;0;0.0;0;0;0;0;0;0.0;0;0;0;0;0;0;0;0;0;0;0;0;0
204;0;0;0;0;0;0.0;0;0;0;0;0;0.0;0;0;0;0;0;0;0;0;0;0;0;0;0
205;0;0;0;0;0;0.0;0;0;0;0;0;0.0;0;0;0;0;0;0;0;0;0;0;0;0;0
206;0;0;0;0;0;0.0;0;0;0;0;0;0.0;0;0;0;0;0;0;0;0;0;0;0;0;0
207;0;0;0;0;0;0.0;0;0;0;0;0;0.0;0;0;0;0;0;0;0;0;0;0;0;0;0
208;0;0;0;0;0;0.0;0;0;0;0;0;0.0;0;0;0;0;0;0;0;0;0;0;0;0;0
209;0;0;0;0;0;0.0;0;0;0;0;0;0.0;0;0;0;0;0;0;0;0;0;0;0;0;0
210;0;0;0;0;0;0.0;0;0;0;0;0;0.0;0;0;0;0;0;0;0;0;0;0;0;0;0
211;0;0;0;0;0;0.0;0;0;0;0;0;0.0;0;0;0;0;0;0;0;0;0;0;0;0;0
212;0;0;0;0;0;0.0;0;0;0;0;0;0.0;0;0;0;0;0;0;0;0;0;0;0;0;0
213;0;0;0;0;0;0.0;0;0;0;0;0;0.0;0;0;0;0;0;0;0;0;0;0;0;0;0
214;0;0;0;0;0;0.0;0;0;0;0;0;0.0;0;0;0;0;0;0;0;0;0;0;0;0;0
215;0;0;0;0;0;0.0;0;0;0;0;0;0.0;0;0;0;0;0;0;0;0;0;0;0;0;0
216;0;0;0;0;0;0.0;0;0;0;0;0;0.0;0;0;0;0;0;0;0;0;0;0;0;0;0
217;0;0;0;0;0;0.0;0;0;0;0;0;0.0;0;0;0;0;0;0;0;0;0;0;0;0;0
218;0;0;0;0;0;0.0;0;0;0;0;0;0.0;0;0;0;0;0;0;0;0;0;0;0;0;0
219;0;0;0;0;0;0.0;0;0;0;0;0;0.0;0;0;0;0;0;0;0;0;0;0;0;0;0
220;0;0;0;0;0;0.0;0;0;0;0;0;0.0;0;0;0;0;0;0;0;0;0;0;0;0;0
221;0;0;0;0;0;0.0;0;0;0;0;0;0.0;0;0;0;0;0;0;0;0;0;0;0;0;0
222;0;0;0;0;0;0.0;0;0;0;0;0;0.0;0;0;0;0;0;0;0;0;0;0;0;0;0
223;0;0;0;0;0;0.0;0;0;0;0;0;0.0;0;0;0;0;0;0;0;0;0;0;0;0;0
224;0;0;0;0;0;0.0;0;0;0;0;0;0.0;0;0;0;0;0;0;0;0;0;0;0;0;0
225;0;0;0;0;0;0.0;0;0;0;0;0;0.0;0;0;0;0;0;0;0;0;0;0;0;0;0
226;0;0;0;0;0;0.0;0;0;0;0;0;0.0;0;0;0;0;0;0;0;0;0;0;0;0;0
227;0;0;0;0;0;0.0;0;0;0;0;0;0.0;0;0;0;0;0;0;0;0;0;0;0;0;0
228;0;0;0;0;0;0.0;0;0;0;0;0;0.0;0;0;0;0;0;0;0;0;0;0;0;0;0
229;0;0;0;0;0;0.0;0;0;0;0;0;0.0;0;0;0;0;0;0;0;0;0;0;0;0;0
231;0;0;0;0;0;0.0;0;0;0;0;0;0.0;0;0;0;0;0;0;0;0;0;0;0;0;0
232;0;0;0;0;0;0.0;0;0;0;0;0;0.0;0;0;0;0;0;0;0;0;0;0;0;0;0
455;0;0;0;0;0;0.0;0;0;0;0;0;0.0;0;0;0;0;0;0;0;0;0;0;0;0;0
456;0;0;0;0;0;0.0;0;0;0;0;0;0.0;0;0;0;0;0;0;0;0;0;0;0;0;0
457;0;0;0;0;0;0.0;0;0;0;0;0;0.0;0;0;0;0;0;0;0;0;0;0;0;0;0
459;0;0;0;0;0;0.0;0;0;0;0;0;0.0;0;0;0;0;0;0;0;0;0;0;0;0;0
460;0;0;0;0;0;0.0;0;0;0;0;0;0.0;0;0;0;0;0;0;0;0;0;0;0;0;0
472;0;0;0;0;0;0.0;0;0;0;0;0;0.0;0;0;0;0;0;0;0;0;0;0;0;0;0
473;0;0;0;0;0;0.0;0;0;0;0;0;0.0;0;0;0;0;0;0;0;0;0;0;0;0;0
474;0;0;0;0;0;0.0;0;0;0;0;0;0.0;0;0;0;0;0;0;0;0;0;0;0;0;0
476;0;0;0;0;0;0.0;0;0;0;0;0;0.0;0;0;0;0;0;0;0;0;0;0;0;0;0
480;0;0;0;0;0;0.0;0;0;0;0;0;0.0;0;0;0;0;0;0;0;0;0;0;0;0;0
481;0;0;0;0;0;0.0;0;0;0;0;0;0.0;0;0;0;0;0;0;0;0;0;0;0;0;0
482;0;0;0;0;0;0.0;0;0;0;0;0;0.0;0;0;0;0;0;0;0;0;0;0;0;0;0
490;0;0;0;0;0;0.0;0;0;0;0;0;0.0;0;0;0;0;0;0;0;0;0;0;0;0;0
495;0;0;0;0;0;0.0;0;0;0;0;0;0.0;0;0;0;0;0;0;0;0;0;0;0;0;0
496;0;0;0;0;0;0.0;0;0;0;0;0;0.0;0;0;0;0;0;0;0;0;0;0;0;0;0
497;0;0;0;0;0;0.0;0;0;0;0;0;0.0;0;0;0;0;0;0;0;0;0;0;0;0;0
498;0;0;0;0;0;0.0;0;0;0;0;0;0.0;0;0;0;0;0;0;0;0;0;0;0;0;0
499;0;0;0;0;0;0.0;0;0;0;0;0;0.0;0;0;0;0;0;0;0;0;0;0;0;0;0
500;0;0;0;0;0;0.0;0;0;0;0;0;0.0;0;0;0;0;0;0;0;0;0;0;0;0;0
502;0;0;0;0;0;0.0;0;0;0;0;0;0.0;0;0;0;0;0;0;0;0;0;0;0;0;0
503;0;0;0;0;0;0.0;0;0;0;0;0;0.0;0;0;0;0;0;0;0;0;0;0;0;0;0
504;0;0;0;0;0;0.0;0;0;0;0;0;0.0;0;0;0;0;0;0;0;0;0;0;0;0;0
505;0;0;0;0;0;0.0;0;0;0;0;0;0.0;0;0;0;0;0;0;0;0;0;0;0;0;0
511;0;0;0;0;0;0.0;0;0;0;0;0;0.0;0;0;0;0;0;0;0;0;0;0;0;0;0
512;0;0;0;0;0;0.0;0;0;0;0;0;0.0;0;0;0;0;0;0;0;0;0;0;0;0;0
513;0;0;0;0;0;0.0;0;0;0;0;0;0.0;0;0;0;0;0;0;0;0;0;0;0;0;0
514;0;0;0;0;0;0.0;0;0;0;0;0;0.0;0;0;0;0;0;0;0;0;0;0;0;0;0
515;0;0;0;0;0;0.0;0;0;0;0;0;0.0;0;0;0;0;0;0;0;0;0;0;0;0;0
516;0;0;0;0;0;0.0;0;0;0;0;0;0.0;0;0;0;0;0;0;0;0;0;0;0;0;0
517;0;0;0;0;0;0.0;0;0;0;0;0;0.0;0;0;0;0;0;0;0;0;0;0;0;0;0
518;0;0;0;0;0;0.0;0;0;0;0;0;0.0;0;0;0;0;0;0;0;0;0;0;0;0;0
519;0;0;0;0;0;0.0;0;0;0;0;0;0.0;0;0;0;0;0;0;0;0;0;0;0;0;0
520;0;0;0;0;0;0.0;0;0;0;0;0;0.0;0;0;0;0;0;0;0;0;0;0;0;0;0
521;0;0;0;0;0;0.0;0;0;0;0;0;0.0;0;0;0;0;0;0;0;0;0;0;0;0;0
522;0;0;0;0;0;0.0;0;0;0;0;0;0.0;0;0;0;0;0;0;0;0;0;0;0;0;0
523;0;0;0;0;0;0.0;0;0;0;0;0;0.0;0;0;0;0;0;0;0;0;0;0;0;0;0
524;0;0;0;0;0;0.0;0;0;0;0;0;0.0;0;0;0;0;0;0;0;0;0;0;0;0;0
543;0;0;0;0;0;0.0;0;0;0;0;0;0.0;0;0;0;0;0;0;0;0;0;0;0;0;0
545;0;0;0;0;0;0.0;0;0;0;0;0;0.0;0;0;0;0;0;0;0;0;0;0;0;0;0
546;0;0;0;0;0;0.0;0;0;0;0;0;0.0;0;0;0;0;0;0;0;0;0;0;0;0;0
547;0;0;0;0;0;0.0;0;0;0;0;0;0.0;0;0;0;0;0;0;0;0;0;0;0;0;0
548;0;0;0;0;0;0.0;0;0;0;0;0;0.0;0;0;0;0;0;0;0;0;0;0;0;0;0
549;0;0;0;0;0;0.0;0;0;0;0;0;0.0;0;0;0;0;0;0;0;0;0;0;0;0;0
550;0;0;0;0;0;0.0;0;0;0;0;0;0.0;0;0;0;0;0;0;0;0;0;0;0;0;0
551;0;0;0;0;0;0.0;0;0;0;0;0;0.0;0;0;0;0;0;0;0;0;0;0;0;0;0
552;0;0;0;0;0;0.0;0;0;0;0;0;0.0;0;0;0;0;0;0;0;0;0;0;0;0;0
553;0;0;0;0;0;0.0;0;0;0;0;0;0.0;0;0;0;0;0;0;0;0;0;0;0;0;0
554;0;0;0;0;0;0.0;0;0;0;0;0;0.0;0;0;0;0;0;0;0;0;0;0;0;0;0
555;0;0;0;0;0;0.0;0;0;0;0;0;0.0;0;0;0;0;0;0;0;0;0;0;0;0;0
556;0;0;0;0;0;0.0;0;0;0;0;0;0.0;0;0;0;0;0;0;0;0;0;0;0;0;0
558;0;0;0;0;0;0.0;0;0;0;0;0;0.0;0;0;0;0;0;0;0;0;0;0;0;0;0
560;0;0;0;0;0;0.0;0;0;0;0;0;0.0;0;0;0;0;0;0;0;0;0;0;0;0;0
561;0;0;0;0;0;0.0;0;0;0;0;0;0.0;0;0;0;0;0;0;0;0;0;0;0;0;0
562;0;0;0;0;0;0.0;0;0;0;0;0;0.0;0;0;0;0;0;0;0;0;0;0;0;0;0
563;0;0;0;0;0;0.0;0;0;0;0;0;0.0;0;0;0;0;0;0;0;0;0;0;0;0;0
564;0;0;0;0;0;0.0;0;0;0;0;0;0.0;0;0;0;0;0;0;0;0;0;0;0;0;0
565;0;0;0;0;0;0.0;0;0;0;0;0;0.0;0;0;0;0;0;0;0;0;0;0;0;0;0
566;0;0;0;0;0;0.0;0;0;0;0;0;0.0;0;0;0;0;0;0;0;0;0;0;0;0;0
568;0;0;0;0;0;0.0;0;0;0;0;0;0.0;0;0;0;0;0;0;0;0;0;0;0;0;0
569;0;0;0;0;0;0.0;0;0;0;0;0;0.0;0;0;0;0;0;0;0;0;0;0;0;0;0
570;0;0;0;0;0;0.0;0;0;0;0;0;0.0;0;0;0;0;0;0;0;0;0;0;0;0;0
571;0;0;0;0;0;0.0;0;0;0;0;0;0.0;0;0;0;0;0;0;0;0;0;0;0;0;0
572;0;0;0;0;0;0.0;0;0;0;0;0;0.0;0;0;0;0;0;0;0;0;0;0;0;0;0
573;0;0;0;0;0;0.0;0;0;0;0;0;0.0;0;0;0;0;0;0;0;0;0;0;0;0;0
574;0;0;0;0;0;0.0;0;0;0;0;0;0.0;0;0;0;0;0;0;0;0;0;0;0;0;0
575;0;0;0;0;0;0.0;0;0;0;0;0;0.0;0;0;0;0;0;0;0;0;0;0;0;0;0
576;0;0;0;0;0;0.0;0;0;0;0;0;0.0;0;0;0;0;0;0;0;0;0;0;0;0;0
577;0;0;0;0;0;0.0;0;0;0;0;0;0.0;0;0;0;0;0;0;0;0;0;0;0;0;0
578;0;0;0;0;0;0.0;0;0;0;0;0;0.0;0;0;0;0;0;0;0;0;0;0;0;0;0
579;0;0;0;0;0;0.0;0;0;0;0;0;0.0;0;0;0;0;0;0;0;0;0;0;0;0;0
580;0;0;0;0;0;0.0;0;0;0;0;0;0.0;0;0;0;0;0;0;0;0;0;0;0;0;0
582;0;0;0;0;0;0.0;0;0;0;0;0;0.0;0;0;0;0;0;0;0;0;0;0;0;0;0
584;0;0;0;0;0;0.0;0;0;0;0;0;0.0;0;0;0;0;0;0;0;0;0;0;0;0;0
585;0;0;0;0;0;0.0;0;0;0;0;0;0.0;0;0;0;0;0;0;0;0;0;0;0;0;0
586;0;0;0;0;0;0.0;0;0;0;0;0;0.0;0;0;0;0;0;0;0;0;0;0;0;0;0
611;0;0;0;0;0;0.0;0;0;0;0;0;0.0;0;0;0;0;0;0;0;0;0;0;0;0;0
612;0;0;0;0;0;0.0;0;0;0;0;0;0.0;0;0;0;0;0;0;0;0;0;0;0;0;0
613;0;0;0;0;0;0.0;0;0;0;0;0;0.0;0;0;0;0;0;0;0;0;0;0;0;0;0
618;0;0;0;0;0;0.0;0;0;0;0;0;0.0;0;0;0;0;0;0;0;0;0;0;0;0;0
619;0;0;0;0;0;0.0;0;0;0;0;0;0.0;0;0;0;0;0;0;0;0;0;0;0;0;0
622;0;0;0;0;0;0.0;0;0;0;0;0;0.0;0;0;0;0;0;0;0;0;0;0;0;0;0
625;0;0;0;0;0;0.0;0;0;0;0;0;0.0;0;0;0;0;0;0;0;0;0;0;0;0;0
626;0;0;0;0;0;0.0;0;0;0;0;0;0.0;0;0;0;0;0;0;0;0;0;0;0;0;0
627;0;0;0;0;0;0.0;0;0;0;0;0;0.0;0;0;0;0;0;0;0;0;0;0;0;0;0
628;0;0;0;0;0;0.0;0;0;0;0;0;0.0;0;0;0;0;0;0;0;0;0;0;0;0;0
629;0;0;0;0;0;0.0;0;0;0;0;0;0.0;0;0;0;0;0;0;0;0;0;0;0;0;0
631;0;0;0;0;0;0.0;0;0;0;0;0;0.0;0;0;0;0;0;0;0;0;0;0;0;0;0
632;0;0;0;0;0;0.0;0;0;0;0;0;0.0;0;0;0;0;0;0;0;0;0;0;0;0;0
633;0;0;0;0;0;0.0;0;0;0;0;0;0.0;0;0;0;0;0;0;0;0;0;0;0;0;0
634;0;0;0;0;0;0.0;0;0;0;0;0;0.0;0;0;0;0;0;0;0;0;0;0;0;0;0
635;0;0;0;0;0;0.0;0;0;0;0;0;0.0;0;0;0;0;0;0;0;0;0;0;0;0;0
636;0;0;0;0;0;0.0;0;0;0;0;0;0.0;0;0;0;0;0;0;0;0;0;0;0;0;0
637;0;0;0;0;0;0.0;0;0;0;0;0;0.0;0;0;0;0;0;0;0;0;0;0;0;0;0
639;0;0;0;0;0;0.0;0;0;0;0;0;0.0;0;0;0;0;0;0;0;0;0;0;0;0;0
640;0;0;0;0;0;0.0;0;0;0;0;0;0.0;0;0;0;0;0;0;0;0;0;0;0;0;0
642;0;0;0;0;0;0.0;0;0;0;0;0;0.0;0;0;0;0;0;0;0;0;0;0;0;0;0
644;0;0;0;0;0;0.0;0;0;0;0;0;0.0;0;0;0;0;0;0;0;0;0;0;0;0;0
645;0;0;0;0;0;0.0;0;0;0;0;0;0.0;0;0;0;0;0;0;0;0;0;0;0;0;0
646;0;0;0;0;0;0.0;0;0;0;0;0;0.0;0;0;0;0;0;0;0;0;0;0;0;0;0
647;0;0;0;0;0;0.0;0;0;0;0;0;0.0;0;0;0;0;0;0;0;0;0;0;0;0;0
648;0;0;0;0;0;0.0;0;0;0;0;0;0.0;0;0;0;0;0;0;0;0;0;0;0;0;0
650;0;0;0;0;0;0.0;0;0;0;0;0;0.0;0;0;0;0;0;0;0;0;0;0;0;0;0
651;0;0;0;0;0;0.0;0;0;0;0;0;0.0;0;0;0;0;0;0;0;0;0;0;0;0;0
675;0;0;0;0;0;0.0;0;0;0;0;0;0.0;0;0;0;0;0;0;0;0;0;0;0;0;0
676;0;0;0;0;0;0.0;0;0;0;0;0;0.0;0;0;0;0;0;0;0;0;0;0;0;0;0
682;0;0;0;0;0;0.0;0;0;0;0;0;0.0;0;0;0;0;0;0;0;0;0;0;0;0;0
705;0;0;0;0;0;0.0;0;0;0;0;0;0.0;0;0;0;0;0;0;0;0;0;0;0;0;0
706;0;0;0;0;0;0.0;0;0;0;0;0;0.0;0;0;0;0;0;0;0;0;0;0;0;0;0
710;0;0;0;0;0;0.0;0;0;0;0;0;0.0;0;0;0;0;0;0;0;0;0;0;0;0;0
711;0;0;0;0;0;0.0;0;0;0;0;0;0.0;0;0;0;0;0;0;0;0;0;0;0;0;0
712;0;0;0;0;0;0.0;0;0;0;0;0;0.0;0;0;0;0;0;0;0;0;0;0;0;0;0
713;0;0;0;0;0;0.0;0;0;0;0;0;0.0;0;0;0;0;0;0;0;0;0;0;0;0;0
714;0;0;0;0;0;0.0;0;0;0;0;0;0.0;0;0;0;0;0;0;0;0;0;0;0;0;0
715;0;0;0;0;0;0.0;0;0;0;0;0;0.0;0;0;0;0;0;0;0;0;0;0;0;0;0
716;0;0;0;0;0;0.0;0;0;0;0;0;0.0;0;0;0;0;0;0;0;0;0;0;0;0;0
717;0;0;0;0;0;0.0;0;0;0;0;0;0.0;0;0;0;0;0;0;0;0;0;0;0;0;0
718;0;0;0;0;0;0.0;0;0;0;0;0;0.0;0;0;0;0;0;0;0;0;0;0;0;0;0
719;0;0;0;0;0;0.0;0;0;0;0;0;0.0;0;0;0;0;0;0;0;0;0;0;0;0;0
720;0;0;0;0;0;0.0;0;0;0;0;0;0.0;0;0;0;0;0;0;0;0;0;0;0;0;0
721;0;0;0;0;0;0.0;0;0;0;0;0;0.0;0;0;0;0;0;0;0;0;0;0;0;0;0
729;0;0;0;0;0;0.0;0;0;0;0;0;0.0;0;0;0;0;0;0;0;0;0;0;0;0;0
732;0;0;0;0;0;0.0;0;0;0;0;0;0.0;0;0;0;0;0;0;0;0;0;0;0;0;0
733;0;0;0;0;0;0.0;0;0;0;0;0;0.0;0;0;0;0;0;0;0;0;0;0;0;0;0
734;0;0;0;0;0;0.0;0;0;0;0;0;0.0;0;0;0;0;0;0;0;0;0;0;0;0;0
736;0;0;0;0;0;0.0;0;0;0;0;0;0.0;0;0;0;0;0;0;0;0;0;0;0;0;0
737;0;0;0;0;0;0.0;0;0;0;0;0;0.0;0;0;0;0;0;0;0;0;0;0;0;0;0
738;0;0;0;0;0;0.0;0;0;0;0;0;0.0;0;0;0;0;0;0;0;0;0;0;0;0;0
739;0;0;0;0;0;0.0;0;0;0;0;0;0.0;0;0;0;0;0;0;0;0;0;0;0;0;0
740;0;0;0;0;0;0.0;0;0;0;0;0;0.0;0;0;0;0;0;0;0;0;0;0;0;0;0
741;0;0;0;0;0;0.0;0;0;0;0;0;0.0;0;0;0;0;0;0;0;0;0;0;0;0;0
742;0;0;0;0;0;0.0;0;0;0;0;0;0.0;0;0;0;0;0;0;0;0;0;0;0;0;0
743;0;0;0;0;0;0.0;0;0;0;0;0;0.0;0;0;0;0;0;0;0;0;0;0;0;0;0
744;0;0;0;0;0;0.0;0;0;0;0;0;0.0;0;0;0;0;0;0;0;0;0;0;0;0;0
745;0;0;0;0;0;0.0;0;0;0;0;0;0.0;0;0;0;0;0;0;0;0;0;0;0;0;0
746;0;0;0;0;0;0.0;0;0;0;0;0;0.0;0;0;0;0;0;0;0;0;0;0;0;0;0
747;0;0;0;0;0;0.0;0;0;0;0;0;0.0;0;0;0;0;0;0;0;0;0;0;0;0;0
748;0;0;0;0;0;0.0;0;0;0;0;0;0.0;0;0;0;0;0;0;0;0;0;0;0;0;0
749;0;0;0;0;0;0.0;0;0;0;0;0;0.0;0;0;0;0;0;0;0;0;0;0;0;0;0
750;0;0;0;0;0;0.0;0;0;0;0;0;0.0;0;0;0;0;0;0;0;0;0;0;0;0;0
751;0;0;0;0;0;0.0;0;0;0;0;0;0.0;0;0;0;0;0;0;0;0;0;0;0;0;0
752;0;0;0;0;0;0.0;0;0;0;0;0;0.0;0;0;0;0;0;0;0;0;0;0;0;0;0
755;0;0;0;0;0;0.0;0;0;0;0;0;0.0;0;0;0;0;0;0;0;0;0;0;0;0;0
758;0;0;0;0;0;0.0;0;0;0;0;0;0.0;0;0;0;0;0;0;0;0;0;0;0;0;0
759;0;0;0;0;0;0.0;0;0;0;0;0;0.0;0;0;0;0;0;0;0;0;0;0;0;0;0
760;0;0;0;0;0;0.0;0;0;0;0;0;0.0;0;0;0;0;0;0;0;0;0;0;0;0;0
762;0;0;0;0;0;0.0;0;0;0;0;0;0.0;0;0;0;0;0;0;0;0;0;0;0;0;0
764;0;0;0;0;0;0.0;0;0;0;0;0;0.0;0;0;0;0;0;0;0;0;0;0;0;0;0
766;0;0;0;0;0;0.0;0;0;0;0;0;0.0;0;0;0;0;0;0;0;0;0;0;0;0;0
767;0;0;0;0;0;0.0;0;0;0;0;0;0.0;0;0;0;0;0;0;0;0;0;0;0;0;0
768;0;0;0;0;0;0.0;0;0;0;0;0;0.0;0;0;0;0;0;0;0;0;0;0;0;0;0
769;0;0;0;0;0;0.0;0;0;0;0;0;0.0;0;0;0;0;0;0;0;0;0;0;0;0;0
772;0;0;0;0;0;0.0;0;0;0;0;0;0.0;0;0;0;0;0;0;0;0;0;0;0;0;0
773;0;0;0;0;0;0.0;0;0;0;0;0;0.0;0;0;0;0;0;0;0;0;0;0;0;0;0
774;0;0;0;0;0;0.0;0;0;0;0;0;0.0;0;0;0;0;0;0;0;0;0;0;0;0;0
775;0;0;0;0;0;0.0;0;0;0;0;0;0.0;0;0;0;0;0;0;0;0;0;0;0;0;0
776;0;0;0;0;0;0.0;0;0;0;0;0;0.0;0;0;0;0;0;0;0;0;0;0;0;0;0
777;0;0;0;0;0;0.0;0;0;0;0;0;0.0;0;0;0;0;0;0;0;0;0;0;0;0;0
778;0;0;0;0;0;0.0;0;0;0;0;0;0.0;0;0;0;0;0;0;0;0;0;0;0;0;0
780;0;0;0;0;0;0.0;0;0;0;0;0;0.0;0;0;0;0;0;0;0;0;0;0;0;0;0
781;0;0;0;0;0;0.0;0;0;0;0;0;0.0;0;0;0;0;0;0;0;0;0;0;0;0;0
783;0;0;0;0;0;0.0;0;0;0;0;0;0.0;0;0;0;0;0;0;0;0;0;0;0;0;0
784;0;0;0;0;0;0.0;0;0;0;0;0;0.0;0;0;0;0;0;0;0;0;0;0;0;0;0
790;0;0;0;0;0;0.0;0;0;0;0;0;0.0;0;0;0;0;0;0;0;0;0;0;0;0;0
792;0;0;0;0;0;0.0;0;0;0;0;0;0.0;0;0;0;0;0;0;0;0;0;0;0;0;0
794;0;0;0;0;0;0.0;0;0;0;0;0;0.0;0;0;0;0;0;0;0;0;0;0;0;0;0
796;0;0;0;0;0;0.0;0;0;0;0;0;0.0;0;0;0;0;0;0;0;0;0;0;0;0;0
828;0;0;0;0;0;0.0;0;0;0;0;0;0.0;0;0;0;0;0;0;0;0;0;0;0;0;0
829;0;0;0;0;0;0.0;0;0;0;0;0;0.0;0;0;0;0;0;0;0;0;0;0;0;0;0
830;0;0;0;0;0;0.0;0;0;0;0;0;0.0;0;0;0;0;0;0;0;0;0;0;0;0;0
831;0;0;0;0;0;0.0;0;0;0;0;0;0.0;0;0;0;0;0;0;0;0;0;0;0;0;0
832;0;0;0;0;0;0.0;0;0;0;0;0;0.0;0;0;0;0;0;0;0;0;0;0;0;0;0
833;0;0;0;0;0;0.0;0;0;0;0;0;0.0;0;0;0;0;0;0;0;0;0;0;0;0;0
834;0;0;0;0;0;0.0;0;0;0;0;0;0.0;0;0;0;0;0;0;0;0;0;0;0;0;0
835;0;0;0;0;0;0.0;0;0;0;0;0;0.0;0;0;0;0;0;0;0;0;0;0;0;0;0
836;0;0;0;0;0;0.0;0;0;0;0;0;0.0;0;0;0;0;0;0;0;0;0;0;0;0;0
837;0;0;0;0;0;0.0;0;0;0;0;0;0.0;0;0;0;0;0;0;0;0;0;0;0;0;0
838;0;0;0;0;0;0.0;0;0;0;0;0;0.0;0;0;0;0;0;0;0;0;0;0;0;0;0
839;0;0;0;0;0;0.0;0;0;0;0;0;0.0;0;0;0;0;0;0;0;0;0;0;0;0;0
841;0;0;0;0;0;0.0;0;0;0;0;0;0.0;0;0;0;0;0;0;0;0;0;0;0;0;0
842;0;0;0;0;0;0.0;0;0;0;0;0;0.0;0;0;0;0;0;0;0;0;0;0;0;0;0
843;0;0;0;0;0;0.0;0;0;0;0;0;0.0;0;0;0;0;0;0;0;0;0;0;0;0;0
844;0;0;0;0;0;0.0;0;0;0;0;0;0.0;0;0;0;0;0;0;0;0;0;0;0;0;0
845;0;0;0;0;0;0.0;0;0;0;0;0;0.0;0;0;0;0;0;0;0;0;0;0;0;0;0
846;0;0;0;0;0;0.0;0;0;0;0;0;0.0;0;0;0;0;0;0;0;0;0;0;0;0;0
847;0;0;0;0;0;0.0;0;0;0;0;0;0.0;0;0;0;0;0;0;0;0;0;0;0;0;0
848;0;0;0;0;0;0.0;0;0;0;0;0;0.0;0;0;0;0;0;0;0;0;0;0;0;0;0
849;0;0;0;0;0;0.0;0;0;0;0;0;0.0;0;0;0;0;0;0;0;0;0;0;0;0;0
872;0;0;0;0;0;0.0;0;0;0;0;0;0.0;0;0;0;0;0;0;0;0;0;0;0;0;0
873;0;0;0;0;0;0.0;0;0;0;0;0;0.0;0;0;0;0;0;0;0;0;0;0;0;0;0
874;0;0;0;0;0;0.0;0;0;0;0;0;0.0;0;0;0;0;0;0;0;0;0;0;0;0;0
875;0;0;0;0;0;0.0;0;0;0;0;0;0.0;0;0;0;0;0;0;0;0;0;0;0;0;0
876;0;0;0;0;0;0.0;0;0;0;0;0;0.0;0;0;0;0;0;0;0;0;0;0;0;0;0
877;0;0;0;0;0;0.0;0;0;0;0;0;0.0;0;0;0;0;0;0;0;0;0;0;0;0;0
878;0;0;0;0;0;0.0;0;0;0;0;0;0.0;0;0;0;0;0;0;0;0;0;0;0;0;0
879;0;0;0;0;0;0.0;0;0;0;0;0;0.0;0;0;0;0;0;0;0;0;0;0;0;0;0
880;0;0;0;0;0;0.0;0;0;0;0;0;0.0;0;0;0;0;0;0;0;0;0;0;0;0;0
881;0;0;0;0;0;0.0;0;0;0;0;0;0.0;0;0;0;0;0;0;0;0;0;0;0;0;0
882;0;0;0;0;0;0.0;0;0;0;0;0;0.0;0;0;0;0;0;0;0;0;0;0;0;0;0
883;0;0;0;0;0;0.0;0;0;0;0;0;0.0;0;0;0;0;0;0;0;0;0;0;0;0;0
885;0;0;0;0;0;0.0;0;0;0;0;0;0.0;0;0;0;0;0;0;0;0;0;0;0;0;0
886;0;0;0;0;0;0.0;0;0;0;0;0;0.0;0;0;0;0;0;0;0;0;0;0;0;0;0
887;0;0;0;0;0;0.0;0;0;0;0;0;0.0;0;0;0;0;0;0;0;0;0;0;0;0;0
888;0;0;0;0;0;0.0;0;0;0;0;0;0.0;0;0;0;0;0;0;0;0;0;0;0;0;0
889;0;0;0;0;0;0.0;0;0;0;0;0;0.0;0;0;0;0;0;0;0;0;0;0;0;0;0
890;0;0;0;0;0;0.0;0;0;0;0;0;0.0;0;0;0;0;0;0;0;0;0;0;0;0;0
891;0;0;0;0;0;0.0;0;0;0;0;0;0.0;0;0;0;0;0;0;0;0;0;0;0;0;0
892;0;0;0;0;0;0.0;0;0;0;0;0;0.0;0;0;0;0;0;0;0;0;0;0;0;0;0
893;0;0;0;0;0;0.0;0;0;0;0;0;0.0;0;0;0;0;0;0;0;0;0;0;0;0;0
894;0;0;0;0;0;0.0;0;0;0;0;0;0.0;0;0;0;0;0;0;0;0;0;0;0;0;0
897;0;0;0;0;0;0.0;0;0;0;0;0;0.0;0;0;0;0;0;0;0;0;0;0;0;0;0
911;0;0;0;0;0;0.0;0;0;0;0;0;0.0;0;0;0;0;0;0;0;0;0;0;0;0;0
945;0;0;0;0;0;0.0;0;0;0;0;0;0.0;0;0;0;0;0;0;0;0;0;0;0;0;0
970;0;0;0;0;0;0.0;0;0;0;0;0;0.0;0;0;0;0;0;0;0;0;0;0;0;0;0
983;0;0;0;0;0;0.0;0;0;0;0;0;0.0;0;0;0;0;0;0;0;0;0;0;0;0;0
996;0;0;0;0;0;0.0;0;0;0;0;0;0.0;0;0;0;0;0;0;0;0;0;0;0;0;0
1093;0;0;0;0;0;0.0;0;0;0;0;0;0.0;0;0;0;0;0;0;0;0;0;0;0;0;0
1095;0;0;0;0;0;0.0;0;0;0;0;0;0.0;0;0;0;0;0;0;0;0;0;0;0;0;0
1096;0;0;0;0;0;0.0;0;0;0;0;0;0.0;0;0;0;0;0;0;0;0;0;0;0;0;0
1097;0;0;0;0;0;0.0;0;0;0;0;0;0.0;0;0;0;0;0;0;0;0;0;0;0;0;0
1340;0;0;0;0;0;0.0;0;0;0;0;0;0.0;0;0;0;0;0;0;0;0;0;0;0;0;0
1368;0;0;0;0;0;0.0;0;0;0;0;0;0.0;0;0;0;0;0;0;0;0;0;0;0;0;0
1371;0;0;0;0;0;0.0;0;0;0;0;0;0.0;0;0;0;0;0;0;0;0;0;0;0;0;0
1414;0;0;0;0;0;0.0;0;0;0;0;0;0.0;0;0;0;0;0;0;0;0;0;0;0;0;0
1421;0;0;0;0;0;0.0;0;0;0;0;0;0.0;0;0;0;0;0;0;0;0;0;0;0;0;0
1422;0;0;0;0;0;0.0;0;0;0;0;0;0.0;0;0;0;0;0;0;0;0;0;0;0;0;0
1423;0;0;0;0;0;0.0;0;0;0;0;0;0.0;0;0;0;0;0;0;0;0;0;0;0;0;0
1425;0;0;0;0;0;0.0;0;0;0;0;0;0.0;0;0;0;0;0;0;0;0;0;0;0;0;0
1426;0;0;0;0;0;0.0;0;0;0;0;0;0.0;0;0;0;0;0;0;0;0;0;0;0;0;0
1427;0;0;0;0;0;0.0;0;0;0;0;0;0.0;0;0;0;0;0;0;0;0;0;0;0;0;0
1429;0;0;0;0;0;0.0;0;0;0;0;0;0.0;0;0;0;0;0;0;0;0;0;0;0;0;0
1430;0;0;0;0;0;0.0;0;0;0;0;0;0.0;0;0;0;0;0;0;0;0;0;0;0;0;0
1440;0;0;0;0;0;0.0;0;0;0;0;0;0.0;0;0;0;0;0;0;0;0;0;0;0;0;0
1453;0;0;0;0;0;0.0;0;0;0;0;0;0.0;0;0;0;0;0;0;0;0;0;0;0;0;0
1472;0;0;0;0;0;0.0;0;0;0;0;0;0.0;0;0;0;0;0;0;0;0;0;0;0;0;0
1475;0;0;0;0;0;0.0;0;0;0;0;0;0.0;0;0;0;0;0;0;0;0;0;0;0;0;0
1477;0;0;0;0;0;0.0;0;0;0;0;0;0.0;0;0;0;0;0;0;0;0;0;0;0;0;0
1479;0;0;0;0;0;0.0;0;0;0;0;0;0.0;0;0;0;0;0;0;0;0;0;0;0;0;0
1481;0;0;0;0;0;0.0;0;0;0;0;0;0.0;0;0;0;0;0;0;0;0;0;0;0;0;0
1503;0;0;0;0;0;0.0;0;0;0;0;0;0.0;0;0;0;0;0;0;0;0;0;0;0;0;0
1527;0;0;0;0;0;0.0;0;0;0;0;0;0.0;0;0;0;0;0;0;0;0;0;0;0;0;0
1813;0;0;0;0;0;0.0;0;0;0;0;0;0.0;0;0;0;0;0;0;0;0;0;0;0;0;0
1814;0;0;0;0;0;0.0;0;0;0;0;0;0.0;0;0;0;0;0;0;0;0;0;0;0;0;0
1818;0;0;0;0;0;0.0;0;0;0;0;0;0.0;0;0;0;0;0;0;0;0;0;0;0;0;0
1827;0;0;0;0;0;0.0;0;0;0;0;0;0.0;0;0;0;0;0;0;0;0;0;0;0;0;0
1838;0;0;0;0;0;0.0;0;0;0;0;0;0.0;0;0;0;0;0;0;0;0;0;0;0;0;0
1847;0;0;0;0;0;0.0;0;0;0;0;0;0.0;0;0;0;0;0;0;0;0;0;0;0;0;0
1854;0;0;0;0;0;0.0;0;0;0;0;0;0.0;0;0;0;0;0;0;0;0;0;0;0;0;0
1861;0;0;0;0;0;0.0;0;0;0;0;0;0.0;0;0;0;0;0;0;0;0;0;0;0;0;0
1869;0;0;0;0;0;0.0;0;0;0;0;0;0.0;0;0;0;0;0;0;0;0;0;0;0;0;0
1870;0;0;0;0;0;0.0;0;0;0;0;0;0.0;0;0;0;0;0;0;0;0;0;0;0;0;0
1871;0;0;0;0;0;0.0;0;0;0;0;0;0.0;0;0;0;0;0;0;0;0;0;0;0;0;0
1872;0;0;0;0;0;0.0;0;0;0;0;0;0.0;0;0;0;0;0;0;0;0;0;0;0;0;0
1876;0;0;0;0;0;0.0;0;0;0;0;0;0.0;0;0;0;0;0;0;0;0;0;0;0;0;0
1880;0;0;0;0;0;0.0;0;0;0;0;0;0.0;0;0;0;0;0;0;0;0;0;0;0;0;0
1918;0;0;0;0;0;0.0;0;0;0;0;0;0.0;0;0;0;0;0;0;0;0;0;0;0;0;0
1919;0;0;0;0;0;0.0;0;0;0;0;0;0.0;0;0;0;0;0;0;0;0;0;0;0;0;0
1920;0;0;0;0;0;0.0;0;0;0;0;0;0.0;0;0;0;0;0;0;0;0;0;0;0;0;0
1922;0;0;0;0;0;0.0;0;0;0;0;0;0.0;0;0;0;0;0;0;0;0;0;0;0;0;0
1923;0;0;0;0;0;0.0;0;0;0;0;0;0.0;0;0;0;0;0;0;0;0;0;0;0;0;0
1925;0;0;0;0;0;0.0;0;0;0;0;0;0.0;0;0;0;0;0;0;0;0;0;0;0;0;0
1927;0;0;0;0;0;0.0;0;0;0;0;0;0.0;0;0;0;0;0;0;0;0;0;0;0;0;0
1928;0;0;0;0;0;0.0;0;0;0;0;0;0.0;0;0;0;0;0;0;0;0;0;0;0;0;0
1930;0;0;0;0;0;0.0;0;0;0;0;0;0.0;0;0;0;0;0;0;0;0;0;0;0;0;0
1931;0;0;0;0;0;0.0;0;0;0;0;0;0.0;0;0;0;0;0;0;0;0;0;0;0;0;0
1933;0;0;0;0;0;0.0;0;0;0;0;0;0.0;0;0;0;0;0;0;0;0;0;0;0;0;0
1934;0;0;0;0;0;0.0;0;0;0;0;0;0.0;0;0;0;0;0;0;0;0;0;0;0;0;0
1937;0;0;0;0;0;0.0;0;0;0;0;0;0.0;0;0;0;0;0;0;0;0;0;0;0;0;0
2158;0;0;0;0;0;0.0;0;0;0;0;0;0.0;0;0;0;0;0;0;0;0;0;0;0;0;0
2161;0;0;0;0;0;0.0;0;0;0;0;0;0.0;0;0;0;0;0;0;0;0;0;0;0;0;0
2162;0;0;0;0;0;0.0;0;0;0;0;0;0.0;0;0;0;0;0;0;0;0;0;0;0;0;0
2163;0;0;0;0;0;0.0;0;0;0;0;0;0.0;0;0;0;0;0;0;0;0;0;0;0;0;0
2164;0;0;0;0;0;0.0;0;0;0;0;0;0.0;0;0;0;0;0;0;0;0;0;0;0;0;0
2168;0;0;0;0;0;0.0;0;0;0;0;0;0.0;0;0;0;0;0;0;0;0;0;0;0;0;0
2182;0;0;0;0;0;0.0;0;0;0;0;0;0.0;0;0;0;0;0;0;0;0;0;0;0;0;0
2187;0;0;0;0;0;0.0;0;0;0;0;0;0.0;0;0;0;0;0;0;0;0;0;0;0;0;0
2188;0;0;0;0;0;0.0;0;0;0;0;0;0.0;0;0;0;0;0;0;0;0;0;0;0;0;0
2190;0;0;0;0;0;0.0;0;0;0;0;0;0.0;0;0;0;0;0;0;0;0;0;0;0;0;0
2193;0;0;0;0;0;0.0;0;0;0;0;0;0.0;0;0;0;0;0;0;0;0;0;0;0;0;0
2197;0;0;0;0;0;0.0;0;0;0;0;0;0.0;0;0;0;0;0;0;0;0;0;0;0;0;0
2199;0;0;0;0;0;0.0;0;0;0;0;0;0.0;0;0;0;0;0;0;0;0;0;0;0;0;0
2233;0;0;0;0;0;0.0;0;0;0;0;0;0.0;0;0;0;0;0;0;0;0;0;0;0;0;0
2244;0;0;0;0;0;0.0;0;0;0;0;0;0.0;0;0;0;0;0;0;0;0;0;0;0;0;0
2256;0;0;0;0;0;0.0;0;0;0;0;0;0.0;0;0;0;0;0;0;0;0;0;0;0;0;0
2259;0;0;0;0;0;0.0;0;0;0;0;0;0.0;0;0;0;0;0;0;0;0;0;0;0;0;0
2280;0;0;0;0;0;0.0;0;0;0;0;0;0.0;0;0;0;0;0;0;0;0;0;0;0;0;0
2306;0;0;0;0;0;0.0;0;0;0;0;0;0.0;0;0;0;0;0;0;0;0;0;0;0;0;0
2308;0;0;0;0;0;0.0;0;0;0;0;0;0.0;0;0;0;0;0;0;0;0;0;0;0;0;0
2316;0;0;0;0;0;0.0;0;0;0;0;0;0.0;0;0;0;0;0;0;0;0;0;0;0;0;0
2319;0;0;0;0;0;0.0;0;0;0;0;0;0.0;0;0;0;0;0;0;0;0;0;0;0;0;0
2466;0;0;0;0;0;0.0;0;0;0;0;0;0.0;0;0;0;0;0;0;0;0;0;0;0;0;0
2470;0;0;0;0;0;0.0;0;0;0;0;0;0.0;0;0;0;0;0;0;0;0;0;0;0;0;0
2473;0;0;0;0;0;0.0;0;0;0;0;0;0.0;0;0;0;0;0;0;0;0;0;0;0;0;0
2488;0;0;0;0;0;0.0;0;0;0;0;0;0.0;0;0;0;0;0;0;0;0;0;0;0;0;0
2493;0;0;0;0;0;0.0;0;0;0;0;0;0.0;0;0;0;0;0;0;0;0;0;0;0;0;0
2517;0;0;0;0;0;0.0;0;0;0;0;0;0.0;0;0;0;0;0;0;0;0;0;0;0;0;0
2529;0;0;0;0;0;0.0;0;0;0;0;0;0.0;0;0;0;0;0;0;0;0;0;0;0;0;0
2545;0;0;0;0;0;0.0;0;0;0;0;0;0.0;0;0;0;0;0;0;0;0;0;0;0;0;0
2556;0;0;0;0;0;0.0;0;0;0;0;0;0.0;0;0;0;0;0;0;0;0;0;0;0;0;0
2564;0;0;0;0;0;0.0;0;0;0;0;0;0.0;0;0;0;0;0;0;0;0;0;0;0;0;0
2579;0;0;0;0;0;0.0;0;0;0;0;0;0.0;0;0;0;0;0;0;0;0;0;0;0;0;0
2591;0;0;0;0;0;0.0;0;0;0;0;0;0.0;0;0;0;0;0;0;0;0;0;0;0;0;0
2620;0;0;0;0;0;0.0;0;0;0;0;0;0.0;0;0;0;0;0;0;0;0;0;0;0;0;0
2626;0;0;0;0;0;0.0;0;0;0;0;0;0.0;0;0;0;0;0;0;0;0;0;0;0;0;0
3717;0;0;0;0;0;0.0;0;0;0;0;0;0.0;0;0;0;0;0;0;0;0;0;0;0;0;0
3721;0;0;0;0;0;0.0;0;0;0;0;0;0.0;0;0;0;0;0;0;0;0;0;0;0;0;0
3789;0;0;0;0;0;0.0;0;0;0;0;0;0.0;0;0;0;0;0;0;0;0;0;0;0;0;0
3795;0;0;0;0;0;0.0;0;0;0;0;0;0.0;0;0;0;0;0;0;0;0;0;0;0;0;0
3796;0;0;0;0;0;0.0;0;0;0;0;0;0.0;0;0;0;0;0;0;0;0;0;0;0;0;0
3797;0;0;0;0;0;0.0;0;0;0;0;0;0.0;0;0;0;0;0;0;0;0;0;0;0;0;0
3798;0;0;0;0;0;0.0;0;0;0;0;0;0.0;0;0;0;0;0;0;0;0;0;0;0;0;0
3800;0;0;0;0;0;0.0;0;0;0;0;0;0.0;0;0;0;0;0;0;0;0;0;0;0;0;0
3913;0;0;0;0;0;0.0;0;0;0;0;0;0.0;0;0;0;0;0;0;0;0;0;0;0;0;0
3916;0;0;0;0;0;0.0;0;0;0;0;0;0.0;0;0;0;0;0;0;0;0;0;0;0;0;0
3923;0;0;0;0;0;0.0;0;0;0;0;0;0.0;0;0;0;0;0;0;0;0;0;0;0;0;0
4182;0;0;0;0;0;0.0;0;0;0;0;0;0.0;0;0;0;0;0;0;0;0;0;0;0;0;0
4245;0;0;0;0;0;0.0;0;0;0;0;0;0.0;0;0;0;0;0;0;0;0;0;0;0;0;0
4246;0;0;0;0;0;0.0;0;0;0;0;0;0.0;0;0;0;0;0;0;0;0;0;0;0;0;0
4247;0;0;0;0;0;0.0;0;0;0;0;0;0.0;0;0;0;0;0;0;0;0;0;0;0;0;0
4534;0;0;0;0;0;0.0;0;0;0;0;0;0.0;0;0;0;0;0;0;0;0;0;0;0;0;0
4535;0;0;0;0;0;0.0;0;0;0;0;0;0.0;0;0;0;0;0;0;0;0;0;0;0;0;0
4619;0;0;0;0;0;0.0;0;0;0;0;0;0.0;0;0;0;0;0;0;0;0;0;0;0;0;0
4620;0;0;0;0;0;0.0;0;0;0;0;0;0.0;0;0;0;0;0;0;0;0;0;0;0;0;0
4635;0;0;0;0;0;0.0;0;0;0;0;0;0.0;0;0;0;0;0;0;0;0;0;0;0;0;0
4636;0;0;0;0;0;0.0;0;0;0;0;0;0.0;0;0;0;0;0;0;0;0;0;0;0;0;0
4714;0;0;0;0;0;0.0;0;0;0;0;0;0.0;0;0;0;0;0;0;0;0;0;0;0;0;0
4715;0;0;0;0;0;0.0;0;0;0;0;0;0.0;0;0;0;0;0;0;0;0;0;0;0;0;0
4716;0;0;0;0;0;0.0;0;0;0;0;0;0.0;0;0;0;0;0;0;0;0;0;0;0;0;0
4742;0;0;0;0;0;0.0;0;0;0;0;0;0.0;0;0;0;0;0;0;0;0;0;0;0;0;0
4837;0;0;0;0;0;0.0;0;0;0;0;0;0.0;0;0;0;0;0;0;0;0;0;0;0;0;0
4838;0;0;0;0;0;0.0;0;0;0;0;0;0.0;0;0;0;0;0;0;0;0;0;0;0;0;0
4839;0;0;0;0;0;0.0;0;0;0;0;0;0.0;0;0;0;0;0;0;0;0;0;0;0;0;0
4840;0;0;0;0;0;0.0;0;0;0;0;0;0.0;0;0;0;0;0;0;0;0;0;0;0;0;0
4864;0;0;0;0;0;0.0;0;0;0;0;0;0.0;0;0;0;0;0;0;0;0;0;0;0;0;0
4883;0;0;0;0;0;0.0;0;0;0;0;0;0.0;0;0;0;0;0;0;0;0;0;0;0;0;0
4919;0;0;0;0;0;0.0;0;0;0;0;0;0.0;0;0;0;0;0;0;0;0;0;0;0;0;0
4920;0;0;0;0;0;0.0;0;0;0;0;0;0.0;0;0;0;0;0;0;0;0;0;0;0;0;0
4921;0;0;0;0;0;0.0;0;0;0;0;0;0.0;0;0;0;0;0;0;0;0;0;0;0;0;0
4922;0;0;0;0;0;0.0;0;0;0;0;0;0.0;0;0;0;0;0;0;0;0;0;0;0;0;0
4923;0;0;0;0;0;0.0;0;0;0;0;0;0.0;0;0;0;0;0;0;0;0;0;0;0;0;0
4924;0;0;0;0;0;0.0;0;0;0;0;0;0.0;0;0;0;0;0;0;0;0;0;0;0;0;0
4949;0;0;0;0;0;0.0;0;0;0;0;0;0.0;0;0;0;0;0;0;0;0;0;0;0;0;0
4959;0;0;0;0;0;0.0;0;0;0;0;0;0.0;0;0;0;0;0;0;0;0;0;0;0;0;0
4961;0;0;0;0;0;0.0;0;0;0;0;0;0.0;0;0;0;0;0;0;0;0;0;0;0;0;0
4962;0;0;0;0;0;0.0;0;0;0;0;0;0.0;0;0;0;0;0;0;0;0;0;0;0;0;0
4997;0;0;0;0;0;0.0;0;0;0;0;0;0.0;0;0;0;0;0;0;0;0;0;0;0;0;0
4998;0;0;0;0;0;0.0;0;0;0;0;0;0.0;0;0;0;0;0;0;0;0;0;0;0;0;0
4999;0;0;0;0;0;0.0;0;0;0;0;0;0.0;0;0;0;0;0;0;0;0;0;0;0;0;0
5004;0;0;0;0;0;0.0;0;0;0;0;0;0.0;0;0;0;0;0;0;0;0;0;0;0;0;0
